id	sergio_intent
351877	Era 4 — VR headset boot
636673	"L" startup (a)
636653	"L" startup (b)
636645	Era 4 — boot
531512	Lambient — positive achievement
476526	Era 2 — computer booting out of the glitch
351879	MSN-style notification
564237	Era 1 — boot chime
320664	Restorify — with pitch variations
52050	Era 1 — computer booting
209362	Caleb — notification?
553098	Era 1 — when you fail
553102	error
553096	alert
553095	failure to comply
553094	confirming alert
553093	potential-mistake alert
218043	FloppySheep — click
617764	modern log-in, eerie
617763	eerier — something about to fail; glitches
332776	Era 2 — the glitch
751067	layer for the Era 2 (or 3) glitch
589353	Era 3 — phone message notification
589362	Era 3 — phone notification
537607	Era 3 — glitch (use a small section only)
619835	button press
619836	failing button press
619838	achievement button press
661296	interesting — but NOT the first 6 s
614431	Era 3 — boot, very modern
619833	almost a notification
619840	calls your attention
818343	1990s startup
827123	"L" introduces itself
572773	glitch transition
787576	Era 1 — the PC turning on as we travel down
853090	a chime, for some part
611788	achievement
611793	achievement
173859	FloppySheep — when you fail?
778891	boot
252820	a beat, for a song
255100	modern notification
607207	retro achievement
521638	achievement
789040	log-in
162468	notification
162481	notification
162465	unselected / failed / disconnected
841814	Era 2 — disk + CRT starting up
818848	OS chime (a)
818847	OS chime (b)
644412	the appearance of the end
619839	layered beep — the error cascade
619837	app melody
619834	acceptance input
619832	victory / great achievement
467407	Era 4 — the glitch ending
493700	OS chime
# 643257	saved for another idea — ⚑ REJECTED: CC-BY-NC 4.0, unusable in a public, exhibited work
234631	PC cold start
